{
    "train_losses": [
        0.04701537716069392,
        0.032839628076180814,
        0.029407008444624287,
        0.02845471119175532,
        0.027995556626202806,
        0.02686662144759404,
        0.026012004339801414,
        0.025918405017416393,
        0.025783388722421866,
        0.025473821512423455,
        0.025515598228334317,
        0.025159434977519726,
        0.024983303062617777,
        0.024849518039263784,
        0.02531240637015019,
        0.025102550270301956
    ],
    "val_losses": [
        0.029213003681174347,
        0.025748457746314152,
        0.024479432962834835,
        0.02360243484643953,
        0.023184259634997165,
        0.022947636472859554,
        0.02262461789484535,
        0.02211375324986875,
        0.02220843446973179,
        0.022414468308644634,
        0.022384050714650324,
        0.022097923513501882,
        0.022084659630698816,
        0.02209578813718898,
        0.022016891218455775,
        0.021929580944457225
    ],
    "val_accuracies": [
        0.7227678571428572,
        0.7419642857142857,
        0.7535714285714286,
        0.7616071428571428,
        0.7580357142857143,
        0.7709821428571428,
        0.76875,
        0.7763392857142857,
        0.7709821428571428,
        0.765625,
        0.7709821428571428,
        0.7754464285714285,
        0.7790178571428571,
        0.7794642857142857,
        0.7741071428571429,
        0.775
    ]
}