{"train_losses": [0.038092835027990594, 0.028865968436002733, 0.027253023189093385, 0.026798675521942122, 0.0269304505150233, 0.026080637418531945, 0.026428791651103112, 0.025630696869588323, 0.025859419921679155, 0.026140764664991625, 0.024668949217136416, 0.025131680673387433, 0.02505872478775148, 0.02515424001363239, 0.023198317091113755, 0.02287383656948805, 0.023243922983030123, 0.022341375458719476, 0.022940345381253533, 0.023223340970331005], "val_losses": [0.022722176322713495, 0.02096490508743695, 0.02056428525330765, 0.02063395123529647, 0.020140868292323182, 0.020005832565948366, 0.020359714435679573, 0.020265847431229694, 0.020683491077007992, 0.01942781187327845, 0.02044564207483615, 0.01968841341856335, 0.019520700902545027, 0.020308712410873602, 0.018825394846498967, 0.01903790003353996, 0.01852190051161285, 0.018917363030569893, 0.018853967670085174, 0.018255955167114736], "val_accuracies": [0.7625, 0.7857142857142857, 0.784375, 0.7879464285714286, 0.7892857142857143, 0.8008928571428572, 0.7950892857142857, 0.8026785714285715, 0.7941964285714286, 0.8071428571428572, 0.7959821428571429, 0.8004464285714286, 0.8008928571428572, 0.7910714285714285, 0.8049107142857143, 0.8102678571428571, 0.8044642857142857, 0.8049107142857143, 0.8040178571428571, 0.8098214285714286]}