{"train_losses": [0.03931038378338728, 0.029335787583009473, 0.027926763014069624, 0.026586380677430757, 0.025759452767670155, 0.026690665393003396, 0.026066029843475138, 0.02572564108496798, 0.026186053664423524, 0.0248046731543062, 0.026005076893073107, 0.02518782582732716, 0.025582409031423076, 0.02515525748687131, 0.024467386943953378, 0.023479735523661865, 0.023075285387624586, 0.023455862484739295, 0.02311429828072765, 0.022617979008438333, 0.022461314096913806, 0.022492909261823766, 0.021949679045272726, 0.022561535432136483, 0.02256315558417035, 0.02243012962197619, 0.022104092301534754, 0.02209545117470303, 0.022497309624616588, 0.02213947733731142, 0.022086577435090606, 0.022046961063253028, 0.02143963488883206, 0.02113555192980649, 0.02149267995264381, 0.02087825792508998, 0.020914298039861022, 0.02159250725858978, 0.021434220671653747, 0.0207699319846662, 0.021047258714679627, 0.020403287922298268, 0.020357866063048798, 0.020479506556876005, 0.020734080792005574, 0.020222696776701403, 0.02062962294024016, 0.02060955758705469, 0.020501754486135074, 0.020335912637944733, 0.020696293236687778, 0.02022193353623152], "val_losses": [0.02375579885473209, 0.02123187430469053, 0.02296592644748411, 0.020064731873571873, 0.02033584119219865, 0.022162873397714326, 0.02045943101734987, 0.019981318399576203, 0.0201025851203927, 0.01999994163467948, 0.019855381275660226, 0.020852590944351896, 0.019912948326340742, 0.02030576375047011, 0.020568974422557014, 0.01960694640209632, 0.019449296660189117, 0.018659721820482186, 0.018610716930457523, 0.01854908250139228, 0.01839711786513882, 0.018474908492394856, 0.01906520220717149, 0.018788403791508503, 0.01814764296369893, 0.018147900494347724, 0.018528854055330158, 0.01805838371760079, 0.01876068572247667, 0.018316528666764496, 0.018396081176719495, 0.01838776464574039, 0.018161345226690172, 0.018140416951583964, 0.01793379317969084, 0.018157287307881884, 0.01798984231427312, 0.017990515580666916, 0.018471877024109875, 0.01792746523528227, 0.018174154218286276, 0.017887910714905177, 0.0176618623547256, 0.017997255894754614, 0.017722926827679786, 0.017728335709710205, 0.017555220990574785, 0.017803829362882034, 0.017914334405213596, 0.017672535198341523, 0.017531603441706727, 0.017439772674281682], "val_accuracies": [0.7620535714285714, 0.7808035714285714, 0.7602678571428572, 0.7928571428571428, 0.7924107142857143, 0.7821428571428571, 0.7888392857142857, 0.7955357142857142, 0.7933035714285714, 0.8066964285714285, 0.803125, 0.7870535714285715, 0.7964285714285714, 0.7995535714285714, 0.7928571428571428, 0.8017857142857143, 0.8049107142857143, 0.8035714285714286, 0.8066964285714285, 0.8120535714285714, 0.8138392857142858, 0.8120535714285714, 0.803125, 0.8071428571428572, 0.8160714285714286, 0.8151785714285714, 0.8066964285714285, 0.8138392857142858, 0.8058035714285714, 0.8147321428571429, 0.8174107142857143, 0.8120535714285714, 0.8209821428571429, 0.8111607142857142, 0.8183035714285715, 0.8191964285714286, 0.8138392857142858, 0.8205357142857143, 0.8066964285714285, 0.8169642857142857, 0.8151785714285714, 0.8151785714285714, 0.8196428571428571, 0.8165178571428572, 0.8196428571428571, 0.8214285714285714, 0.8191964285714286, 0.8178571428571428, 0.8196428571428571, 0.8165178571428572, 0.8147321428571429, 0.8174107142857143]}