{"train_losses": [0.04139987312789474, 0.036801472359469956, 0.03458541615733079, 0.034724818309769034, 0.034819917227806786, 0.03438527188263833, 0.03478439743630588, 0.03430512730431344, 0.033660262650144955, 0.03394950292339283, 0.034693657380661796, 0.034133086233798945, 0.03353345004309501, 0.0332844822534493, 0.03289702130880739, 0.03270909108354577, 0.032324154904511355, 0.032225309239168255, 0.03217557072639465, 0.03175078508044992, 0.031650719715149274, 0.03204213669190981, 0.03183385856848742, 0.03176707988604903, 0.031347559472279886, 0.03171355433629027, 0.03209290936522718, 0.031444491266406006, 0.031944865773298914], "val_losses": [0.029133778956851788, 0.02667078927957586, 0.0264699940835791, 0.026055616938642095, 0.02562801538567458, 0.025137003418058156, 0.025315727865589516, 0.025109308346041612, 0.024977252086890594, 0.024974874846105066, 0.02522447734538998, 0.025396476878917645, 0.025125944734151875, 0.024651801213622093, 0.02421488239030753, 0.023732001088293535, 0.024017518372940166, 0.024017198543463434, 0.02381438213799681, 0.023811035716374006, 0.023746556748769115, 0.02377146872292672, 0.02375298673287034, 0.023691656586847135, 0.023575960897973605, 0.02350291833281517, 0.023473044318546143, 0.023404927498527937, 0.02313641314394772], "val_accuracies": [0.7066964285714286, 0.728125, 0.7294642857142857, 0.7361607142857143, 0.7352678571428571, 0.7450892857142857, 0.7370535714285714, 0.7441964285714285, 0.74375, 0.7397321428571428, 0.7375, 0.7348214285714286, 0.7419642857142857, 0.74375, 0.7553571428571428, 0.7553571428571428, 0.7482142857142857, 0.75, 0.7508928571428571, 0.75625, 0.753125, 0.7571428571428571, 0.753125, 0.7598214285714285, 0.7580357142857143, 0.7571428571428571, 0.7571428571428571, 0.7607142857142857, 0.7678571428571429]}