{"train_losses": [0.05095832655206323, 0.037706735231248394, 0.0359219410390194, 0.035275534294279556, 0.034527075942605734, 0.03461790303034442, 0.03439386667284582, 0.034107897497181384, 0.034007720602676275, 0.03376061926329774, 0.03399279780818948, 0.03392282149621419, 0.03417871527905975, 0.03391894386149943, 0.03373295733306025, 0.034237822058743664, 0.03347075850303684, 0.03347681358988796, 0.03368758934416941, 0.033156745391897856, 0.033995868698028585, 0.032674471495140876, 0.03269171239142971, 0.032668449117669036, 0.03233914618114275, 0.03230721315235964, 0.031897345444719706, 0.03217607424594462, 0.03246950908297939], "val_losses": [0.030508350767195224, 0.027384561486542225, 0.026828378651823317, 0.02582223058811256, 0.025930882285216023, 0.025613204003976923, 0.025225894252902694, 0.024894754043115037, 0.025084997420864445, 0.02494947938248515, 0.02485877077893487, 0.02504499639783587, 0.024693050887435675, 0.025264990010431834, 0.02509000703160252, 0.025248454923608474, 0.0244653695994722, 0.0247494308943195, 0.024852661615503684, 0.024786330220688668, 0.024668834252016884, 0.024197058845311405, 0.024090150317975453, 0.023813449870795013, 0.023885405037019934, 0.023763079595352923, 0.02382440326203193, 0.023758797513853225, 0.02374585040711931], "val_accuracies": [0.6986607142857143, 0.7120535714285714, 0.7223214285714286, 0.7339285714285714, 0.7339285714285714, 0.7388392857142857, 0.7464285714285714, 0.7477678571428571, 0.7433035714285714, 0.7410714285714286, 0.7446428571428572, 0.7401785714285715, 0.7455357142857143, 0.7397321428571428, 0.7348214285714286, 0.7258928571428571, 0.7455357142857143, 0.7410714285714286, 0.7424107142857143, 0.7433035714285714, 0.74375, 0.7553571428571428, 0.7553571428571428, 0.7598214285714285, 0.7553571428571428, 0.7549107142857143, 0.75625, 0.7558035714285715, 0.7571428571428571]}