{
    "train_losses": [
        0.047581734960632664,
        0.03223715505030538,
        0.02843300114784922,
        0.027446566189506225,
        0.025854555989748666,
        0.02528728318201112,
        0.025000877542022085,
        0.024488899713781265,
        0.024241208391530173,
        0.0240712715213054,
        0.02342944503761828,
        0.023505724909981447,
        0.023024327391093332,
        0.02352378525039447
    ],
    "val_losses": [
        0.02866757373724665,
        0.023765250222225275,
        0.022101900028064846,
        0.02082987190889461,
        0.020351702240960938,
        0.020053912566176484,
        0.019628281399075475,
        0.01922766219026276,
        0.018901754589751362,
        0.018943006033077837,
        0.018974609380321843,
        0.018581922758104545,
        0.018474139632391078,
        0.01813186767644116
    ],
    "val_accuracies": [
        0.7477678571428571,
        0.771875,
        0.775,
        0.7950892857142857,
        0.7888392857142857,
        0.7852678571428572,
        0.8013392857142857,
        0.7991071428571429,
        0.7959821428571429,
        0.7973214285714286,
        0.7991071428571429,
        0.7955357142857142,
        0.8098214285714286,
        0.809375
    ]
}