{"train_losses": [0.0477991706159498, 0.035504884525601355, 0.033138035357530626, 0.032448988347979525, 0.032876791432499886, 0.032194000455949986, 0.032144808393370895, 0.03173893000597933, 0.03186877292048718, 0.03202174124973161, 0.0314660630488236, 0.03169604909074094, 0.03180851020318057, 0.031825218402913635, 0.032764360724416165, 0.03043797100960676, 0.030314978681105588, 0.030115898502325374, 0.029857226251624524, 0.02947201332343476, 0.02977632932431464, 0.029593103345749633, 0.029405159037560226, 0.029813097440637648, 0.029516937557075705], "val_losses": [0.027937442250549793, 0.02460072487592697, 0.023356587140421783, 0.021766892853858216, 0.021330057324043344, 0.02119299404190055, 0.02179407837933728, 0.0214845521508583, 0.021738796435030443, 0.021141044276633433, 0.020609159521492466, 0.021182061159717186, 0.020638645992481282, 0.020657924955178583, 0.020889307678278003, 0.02047320194542408, 0.02056875937352223, 0.020456186116540005, 0.020019815117120743, 0.02014908203855157, 0.020124187460169196, 0.02002534179815224, 0.019857036967628767, 0.01983334186619946, 0.019737581223515526], "val_accuracies": [0.7263392857142857, 0.7455357142857143, 0.7616071428571428, 0.7767857142857143, 0.7763392857142857, 0.7825892857142858, 0.7758928571428572, 0.7723214285714286, 0.7629464285714286, 0.7790178571428571, 0.7883928571428571, 0.7763392857142857, 0.7883928571428571, 0.7808035714285714, 0.7754464285714285, 0.7825892857142858, 0.7830357142857143, 0.78125, 0.7888392857142857, 0.790625, 0.7879464285714286, 0.7879464285714286, 0.7964285714285714, 0.7910714285714285, 0.7901785714285714]}