{"train_losses": [0.04419238950525011, 0.03307929844595492, 0.030739684901865464, 0.030378290631675294, 0.02939164541063032, 0.029067790188959667, 0.028973940231039056, 0.029077282933784383, 0.029462329743962203, 0.027753492132095353, 0.028021215155188527, 0.028453017535087253, 0.027545622240618937, 0.027513211430050432, 0.02711520768435938, 0.027371390456599847, 0.026790119308446134, 0.026777684239537587, 0.02626052147243172, 0.02717926900368184, 0.02676535124358322, 0.026413889561912842, 0.02661099337107901, 0.026197201968170703, 0.02695535883041365, 0.026887104287743567, 0.026768542613301957, 0.026447959074617496, 0.026230131981096097, 0.0264475803888802, 0.02575558038494949, 0.025675032936435725, 0.02562784860908453, 0.025563364853483758, 0.025649749018651035, 0.025697410489166423, 0.02586334698633956, 0.025254462928777293, 0.025459302416337388, 0.024878439686394162, 0.025353151160691464, 0.025276618404313923, 0.02529431962008987, 0.02479491201894624, 0.024826855548391386], "val_losses": [0.025475218133734805, 0.02267670188365238, 0.02216112062201968, 0.0214797010113086, 0.021769144891628196, 0.02095918379990118, 0.020670515465150988, 0.02052976018083947, 0.02126414771857006, 0.02119795685367925, 0.021231775843937484, 0.02097705797225769, 0.019975357722224935, 0.0205429695480104, 0.020087291300296784, 0.019850715941616467, 0.02019799272529781, 0.019830078445374967, 0.020313559532431618, 0.019731311613161648, 0.01964281608483621, 0.01999496733104544, 0.019689660765496747, 0.019431045411952903, 0.01952398539121662, 0.019814691386584725, 0.01947000308760575, 0.019866766880399414, 0.01999759715316551, 0.019296913939927305, 0.019308463530614974, 0.01914744507521391, 0.019049808333095695, 0.018910810318110243, 0.01928303801853742, 0.019312753016129135, 0.019093452340790202, 0.019278429029509426, 0.019226386853759842, 0.01911990280329649, 0.019064584993092076, 0.01926785600371659, 0.018859920863594327, 0.01895808406573321, 0.018832274546314563], "val_accuracies": [0.740625, 0.7647321428571429, 0.7683035714285714, 0.7754464285714285, 0.775, 0.7785714285714286, 0.7866071428571428, 0.7866071428571428, 0.7772321428571428, 0.7767857142857143, 0.7714285714285715, 0.7839285714285714, 0.7897321428571429, 0.7852678571428572, 0.7839285714285714, 0.7875, 0.7901785714285714, 0.7919642857142857, 0.7870535714285715, 0.7991071428571429, 0.7982142857142858, 0.7933035714285714, 0.7933035714285714, 0.7946428571428571, 0.7959821428571429, 0.7910714285714285, 0.7973214285714286, 0.79375, 0.7892857142857143, 0.7941964285714286, 0.7973214285714286, 0.796875, 0.8022321428571428, 0.8044642857142857, 0.8, 0.7982142857142858, 0.8022321428571428, 0.7964285714285714, 0.796875, 0.7959821428571429, 0.8004464285714286, 0.8071428571428572, 0.8049107142857143, 0.8026785714285715, 0.8080357142857143]}