{
    "train_losses": [
        0.045501290401443836,
        0.03054011925123632,
        0.02749971902729677,
        0.025772858590685895,
        0.025435085534783346,
        0.024386896242919776,
        0.024138075595588556,
        0.02399398673525346,
        0.02328755792696029,
        0.02381076417597277,
        0.0225333053651931,
        0.022516395045178276,
        0.02214521068214838
    ],
    "val_losses": [
        0.026249821803399496,
        0.022317412362567016,
        0.021961992945788163,
        0.020498893203745996,
        0.01981540019623935,
        0.02035641356238297,
        0.021506792983771967,
        0.019872462726198137,
        0.020446939779711622,
        0.01871787093446723,
        0.019900976826569865,
        0.018510909445051637,
        0.018219028639474086
    ],
    "val_accuracies": [
        0.753125,
        0.7705357142857143,
        0.7776785714285714,
        0.7866071428571428,
        0.7933035714285714,
        0.7816964285714286,
        0.771875,
        0.7933035714285714,
        0.7879464285714286,
        0.8013392857142857,
        0.7852678571428572,
        0.7982142857142858,
        0.8098214285714286
    ]
}